{
    "accuracy": 0.6683621566632757,
    "precision": 0.7272727272727273,
    "recall": 0.17486338797814208,
    "f1-score": 0.28193832599118945,
    "step": 0
}
